Workbook

Sheet Profiles
A1: Profile ID | B1: First Name | C1: Last Name | D1: Email | E1: Phone | F1: Class Year | G1: Military Status | H1: Officer Rank | I1: AFSC | J1: Job Title | K1: Current Base / Working City
A2: USAFA-0001 | B2: Marcus | C2: Bennett | D2: marcus.bennett@us.af.example | E2: (303) 555-0182 | F2: 2005 | G2: Active Duty | H2: O-6 | I2: 61D1 | J2: Commander, Physics Group | K2: Edwards AFB, CA
A3: USAFA-0002 | B3: Patrick | C3: Lambert | D3: patrick.lambert@example.org | E3: (719) 555-0155 | F3: 2005 | G3: Civilian | H3: O-4 | I3: 92T0 | J3: Airline Captain | K3: Omaha, NE
A4: USAFA-0003 | B4: Colin | C4: Novak | D4: colin.novak@example.net | E4: (972) 555-0124 | F4: 2005 | G4: Civilian | H4: O-5 | I4: 62E1G | J4: Systems Engineer | K4: Louisville, KY
A5: USAFA-0004 | B5: Daniel | C5: Ortiz | D5: daniel.ortiz@example.com | E5: (702) 555-0154 | F5: 2005 | G5: Civilian | H5: O-4 | I5: 21A1 | J5: Airline Maintenance Planner | K5: Salt Lake City, UT
A6: USAFA-0005 | B6: Hiroshi | C6: Walsh | D6: hiroshi.walsh@us.af.example | E6: (918) 555-0103 | F6: 2005 | G6: Active Duty | H6: O-5 | I6: 71S1 | J6: Chief, Special Investigations Division | K6: Quantico, VA
A7: USAFA-0006 | B7: Andrew | C7: Harper | D7: andrew.harper@us.af.example | E7: (210) 555-0170 | F7: 2006 | G7: Active Duty | H7: O-5 | I7: 21A1 | J7: Chief, Aircraft Maintenance Division | K7: Aviano AB, Italy
A8: USAFA-0007 | B8: Matthew | C8: Hartley | D8: matthew.hartley@example.org | E8: (303) 555-0118 | F8: 2006 | G8: Civilian | H8: O-5 | I8: 21A1 | J8: Supply Chain Manager | K8: San Antonio, TX
A9: USAFA-0008 | B9: Owen | C9: Patel | D9: owen.patel@afrc.example | E9: (210) 555-0199 | F9: 2006 | G9: Reserve | H9: O-5 | I9: 14N1 | J9: Chief, Intelligence Division | K9: Nellis AFB, NV
A10: USAFA-0009 | B10: Colin | C10: Whitfield | D10: colin.whitfield@example.org | E10: (757) 555-0181 | F10: 2006 | G10: Civilian | H10: O-4 | I10: 13N1 | J10: Defense Contractor Systems Analyst | K10: Chicago, IL
A11: USAFA-0010 | B11: Omar | C11: Yamamoto | D11: omar.yamamoto@example.com | E11: (205) 555-0134 | F11: 2006 | G11: Civilian | H11: O-5 | I11: 92T3 | J11: Remote Sensing Pilot | K11: Tampa, FL
A12: USAFA-0011 | B12: Lucas | C12: Iverson | D12: lucas.iverson@example.com | E12: (301) 555-0136 | F12: 2007 | G12: Civilian | H12: O-5 | I12: 14N1 | J12: Risk Analyst | K12: Austin, TX
A13: USAFA-0012 | B13: Javier | C13: Jackson | D13: javier.jackson@example.com | E13: (303) 555-0146 | F13: 2007 | G13: Reserve | H13: O-5 | I13: 14N1 | J13: Commander, Intelligence Squadron | K13: Joint Base Langley-Eustis, VA
... A101: USAFA-0100 | B101: Tyler | C101: Ortiz | D101: tyler.ortiz@us.af.example | E101: (303) 555-0126 | F101: 2025 | G101: Active Duty | H101: O-1 | I101: 41A1 | J101: Flight Commander, Health Services Administration | K101: Joint Base Andrews, MD

Sheet AFSC Reference
A1: AFSC | B1: AFSC Title | C1: Category
A2: 92T0 | B2: Pilot | C2: Rated
A3: 92T1 | B3: Combat System Officer (CSO) | C3: Rated
A4: 92T2 | B4: Air Battle Manager (13BX) | C4: Rated
A5: 92T3 | B5: Remotely Piloted Aircraft (RPA) | C5: Rated
A6: 13C1 | B6: Special Tactics | C6: Nonrated
A7: 13D1 | B7: Combat Rescue | C7: Nonrated
A8: 13L1 | B8: Air Liaison Officers | C8: Nonrated
A9: 13M1 | B9: Aircraft Operations (Airfield Operations) | C9: Nonrated
A10: 13N1 | B10: Nuclear & Missile Operations | C10: Nonrated
A11: 13S1 | B11: Space Operations | C11: Nonrated
A12: 14N1 | B12: Intelligence | C12: Nonrated
... A37: 71S1 | B37: Special Investigations | C37: Nonrated

Sheet Summary
A1: Test Data Summary (live formulas)
A3: Military Status | B3: Count
A4: Active Duty | B4: =COUNTIF(Profiles!$G$2:$G$101,A4) -> 58
A5: Reserve | B5: =COUNTIF(Profiles!$G$2:$G$101,A5) -> 20
A6: Civilian | B6: =COUNTIF(Profiles!$G$2:$G$101,A6) -> 22
A7: Total | B7: =SUM(B4:B6) -> 100
A9: Officer Rank | B9: Count
A10: O-1 | B10: =COUNTIF(Profiles!$H$2:$H$101,A10) -> 4
A11: O-2 | B11: =COUNTIF(Profiles!$H$2:$H$101,A11) -> 10
A12: O-3 | B12: =COUNTIF(Profiles!$H$2:$H$101,A12) -> 28
A13: O-4 | B13: =COUNTIF(Profiles!$H$2:$H$101,A13) -> 37
A14: O-5 | B14: =COUNTIF(Profiles!$H$2:$H$101,A14) -> 19
A15: O-6 | B15: =COUNTIF(Profiles!$H$2:$H$101,A15) -> 2
A16: Total | B16: =SUM(B10:B15) -> 100
A18: Class Year | B18: Count
A19: 2005 | B19: =COUNTIF(Profiles!$F$2:$F$101,A19) -> 5
A20: 2006 | B20: =COUNTIF(Profiles!$F$2:$F$101,A20) -> 5
A21: 2007 | B21: =COUNTIF(Profiles!$F$2:$F$101,A21) -> 5
A22: 2008 | B22: =COUNTIF(Profiles!$F$2:$F$101,A22) -> 4
A23: 2009 | B23: =COUNTIF(Profiles!$F$2:$F$101,A23) -> 5
A24: 2010 | B24: =COUNTIF(Profiles!$F$2:$F$101,A24) -> 5
A25: 2011 | B25: =COUNTIF(Profiles!$F$2:$F$101,A25) -> 5
A26: 2012 | B26: =COUNTIF(Profiles!$F$2:$F$101,A26) -> 5
A27: 2013 | B27: =COUNTIF(Profiles!$F$2:$F$101,A27) -> 5
A28: 2014 | B28: =COUNTIF(Profiles!$F$2:$F$101,A28) -> 5
A29: 2015 | B29: =COUNTIF(Profiles!$F$2:$F$101,A29) -> 4
A30: 2016 | B30: =COUNTIF(Profiles!$F$2:$F$101,A30) -> 5
... A39: 2025 | B39: =COUNTIF(Profiles!$F$2:$F$101,A39) -> 4
A40: Total | B40: =SUM(B19:B39) -> 100

Sheet Notes
A1: About this file
A2: ALL DATA IS FICTIONAL. Names, emails and phone numbers were randomly generated for software testing and do not belong to real people.
A3: Emails use reserved/non-routable domains (example.com, example.net, example.org, *.example). Phone numbers use the reserved 555-01XX fictional range.
A4: 100 profiles: 4–5 per class for classes 2005–2025 (16 classes of 5, 5 classes of 4). Profile ID is an added unique key for database use.
A5: Military Status is randomly weighted by class age: recent classes are nearly all Active Duty; older classes include more Reserve and Civilian.
A6: Officer Rank follows typical USAF timing in grade (e.g. class of 2025 = O-1/O-2, class of 2005 = O-5/O-6). Reserve/Active ranks are approximate, not exact promotion data.
A7: Civilian rows: Officer Rank is the rank held at separation/retirement, and AFSC is the former Air Force specialty. Job Title is the civilian job.
A8: Current Base / Working City: base for Active Duty and Reserve rows; working city for Civilian rows. Class of 2025 rated officers are shown as students at training bases.
A9: AFSC codes and career-field titles come from the provided PDF (see 'AFSC Reference'). Job titles and base assignments are invented but chosen to be plausible for each AFSC.
A10: The PDF lists 35P1 as Public Affairs but its description text is the band program; 'Public Affairs' is used as the title here.
